insert into User_Follow values ('00128','70557');
insert into User_Follow values ('19991','44553');
insert into User_Follow values ('00128','76543');
insert into User_Follow values ('70557','19991');
insert into User_Follow values ('98765','00128');
insert into User_Follow values ('44553','98988');
insert into User_Follow values ('44553','45678');
insert into User_Follow values ('19991','98765');
insert into User_Follow values ('76543','19991');

insert into Instr_Follow values ('00128','12121');
insert into Instr_Follow values ('12345','33456');
insert into Instr_Follow values ('19991','78345');
insert into Instr_Follow values ('54321','52343');
insert into Instr_Follow values ('44553','12121');
insert into Instr_Follow values ('76653','52343');
insert into Instr_Follow values ('76543','33456');
insert into Instr_Follow values ('55739','94222');
insert into Instr_Follow values ('98765','94222');
insert into Instr_Follow values ('98988','98345');

insert into Course_Follow values ('19991','CS-101');
insert into Course_Follow values ('23121','CS-213');
insert into Course_Follow values ('44553','CS-101');
insert into Course_Follow values ('44553','EE-225');
insert into Course_Follow values ('54321','CS-213');
insert into Course_Follow values ('54321','EE-225');
insert into Course_Follow values ('70557','CH-241');
insert into Course_Follow values ('98765','FI-102');
insert into Course_Follow values ('98988','FI-282');
insert into Course_Follow values ('98988','FI-307');


insert into Instr_Comment values ('12121','00128','Nice','20102008');
insert into Instr_Comment values ('12121','12345','Very helpful','19112009');
insert into Instr_Comment values ('12121','19991','Awesome','13052008');
insert into Instr_Comment values ('33456','23121','Fantastic !! Great ','23042011');
insert into Instr_Comment values ('33456','00128','You get huge amount of knowledge','20042009');
insert into Instr_Comment values ('45565','23121','Best in the world','16082007');
insert into Instr_Comment values ('48583','19991','Too Bad','10062010');
insert into Instr_Comment values ('48583','98765','Not at all helpful','23092011');
insert into Instr_Comment values ('48583','54321','Not Bad','12122010');
insert into Instr_Comment values ('52343','45678','Hmmmmm','13022011');
insert into Instr_Comment values ('56543','12345','lol','15042008');
insert into Instr_Comment values ('56543','00128','What?','05062009');
insert into Instr_Comment values ('66766','23121','Really?','06112010');
insert into Instr_Comment values ('73821','55739','Hi','13052010');
insert into Instr_Comment values ('78345','70557','rofl','19072009');
insert into Instr_Comment values ('78583','44553','I am starting to hate','30062010');
insert into Instr_Comment values ('86543','76543','I am sleeping','28022008');
insert into Instr_Comment values ('86543','00128','Hello','14032009');
insert into Instr_Comment values ('86651','76653','Can make you sleep','20112010');
insert into Instr_Comment values ('86651','45678','Great','23042009');
insert into Instr_Comment values ('86766','44553','Really good','15062007');
insert into Instr_Comment values ('93821','12345','Excellent','04012008');
insert into Instr_Comment values ('98345','98988','Very Good','31012009');


insert into Course_Comment values ('CS-101','00128','Nice','20102008');
insert into Course_Comment values ('CS-101','12345','Very helpful','19112009');
insert into Course_Comment values ('CS-101','19991','Awesome','13052008');
insert into Course_Comment values ('CS-213','23121','Fantastic !! Great ','23042011');
insert into Course_Comment values ('CS-213','00128','You get huge amount of knowledge','20042009');
insert into Course_Comment values ('CS-317','23121','Best in the world','16082007');
insert into Course_Comment values ('CS-347','19991','Too Bad','10062010');
insert into Course_Comment values ('CS-347','98765','Not at all helpful','23092011');
insert into Course_Comment values ('EE-101','54321','Not Bad','12122010');
insert into Course_Comment values ('EE-152','45678','Hmmmmm','13022011');
insert into Course_Comment values ('EE-225','12345','lol','15042008');
insert into Course_Comment values ('ME-101','00128','What?','05062009');
insert into Course_Comment values ('ME-207','23121','Really?','06112010');
insert into Course_Comment values ('ME-288','55739','Hi','13052010');
insert into Course_Comment values ('ME-344','70557','rofl','19072009');
insert into Course_Comment values ('CH-101','44553','I am starting to hate','30062010');
insert into Course_Comment values ('CH-241','76543','I am sleeping','28022008');
insert into Course_Comment values ('CH-296','00128','Hello','14032009');
insert into Course_Comment values ('CH-357','76653','Can make you sleep','20112010');
insert into Course_Comment values ('FI-102','45678','Great','23042009');
insert into Course_Comment values ('FI-201','44553','Really good','15062007');
insert into Course_Comment values ('FI-282','12345','Excellent','04012008');
insert into Course_Comment values ('FI-307','98988','Very Good','31012009');


insert into Upload_Comment values ('aa101','00128','Nice','20102008');
insert into Upload_Comment values ('aa121','12345','Very helpful','19112009');
insert into Upload_Comment values ('aa121','19991','Awesome','13052008');
insert into Upload_Comment values ('aa121','23121','Fantastic !! Great ','23042011');
insert into Upload_Comment values ('ab115','00128','You get huge amount of knowledge','20042009');
insert into Upload_Comment values ('bf556','23121','Best in the world','16082007');
insert into Upload_Comment values ('bt559','19991','Too Bad','10062010');
insert into Upload_Comment values ('gr555','98765','Not at all helpful','23092011');
insert into Upload_Comment values ('gt131','54321','Not Bad','12122010');
insert into Upload_Comment values ('sr777','45678','Hmmmmm','13022011');
insert into Upload_Comment values ('sr777','12345','lol','15042008');
insert into Upload_Comment values ('st220','00128','What?','05062009');
insert into Upload_Comment values ('xy136','23121','Really?','06112010');
insert into Upload_Comment values ('xy136','55739','Hi','13052010');
insert into Upload_Comment values ('zz442','70557','rofl','19072009');

insert into Instr_Rating values ('12121','00128','2');
insert into Instr_Rating values ('12121','44553','4');
insert into Instr_Rating values ('12121','23121','5');
insert into Instr_Rating values ('33456','19991','2');
insert into Instr_Rating values ('33456','44553','4');
insert into Instr_Rating values ('48583','98765','3');
insert into Instr_Rating values ('48583','98988','1');
insert into Instr_Rating values ('48583','00128','3');
insert into Instr_Rating values ('66766','23121','1');
insert into Instr_Rating values ('66766','55739','2');
insert into Instr_Rating values ('78583','23121','5');
insert into Instr_Rating values ('78583','00128','4');
insert into Instr_Rating values ('86543','98988','5');
insert into Instr_Rating values ('86543','19991','3');
insert into Instr_Rating values ('86766','98765','5');
insert into Instr_Rating values ('86766','12345','3');
insert into Instr_Rating values ('93821','44553','2');
insert into Instr_Rating values ('94222','98988','5');
insert into Instr_Rating values ('94222','98765','4');
insert into Instr_Rating values ('98345','19991','3');



insert into Course_Rating values ('CS-101','00128','2');
insert into Course_Rating values ('CS-101','44553','4');
insert into Course_Rating values ('CS-101','23121','5');
insert into Course_Rating values ('CS-213','19991','2');
insert into Course_Rating values ('CS-317','44553','4');
insert into Course_Rating values ('CS-317','98765','3');
insert into Course_Rating values ('CS-347','98988','1');
insert into Course_Rating values ('CS-347','00128','3');
insert into Course_Rating values ('EE-101','23121','1');
insert into Course_Rating values ('EE-101','55739','2');
insert into Course_Rating values ('EE-152','23121','5');
insert into Course_Rating values ('EE-225','00128','4');
insert into Course_Rating values ('ME-101','98988','5');
insert into Course_Rating values ('ME-207','19991','3');
insert into Course_Rating values ('ME-207','98765','5');
insert into Course_Rating values ('ME-207','12345','3');
insert into Course_Rating values ('CH-101','44553','2');
insert into Course_Rating values ('CH-241','98988','1');
insert into Course_Rating values ('CH-296','98765','4');
insert into Course_Rating values ('FI-102','19991','3');



insert into Upload_Rating values ('aa101','00128','2');
insert into Upload_Rating values ('aa101','44553','4');
insert into Upload_Rating values ('aa121','23121','5');
insert into Upload_Rating values ('aa255','19991','2');
insert into Upload_Rating values ('ab115','44553','4');
insert into Upload_Rating values ('bf556','98765','3');
insert into Upload_Rating values ('bf556','98988','1');
insert into Upload_Rating values ('bt559','00128','3');
insert into Upload_Rating values ('bt559','23121','1');
insert into Upload_Rating values ('de159','55739','2');
insert into Upload_Rating values ('de159','23121','5');
insert into Upload_Rating values ('dy123','00128','4');
insert into Upload_Rating values ('sr777','98988','5');
insert into Upload_Rating values ('sr777','19991','3');
insert into Upload_Rating values ('sr777','98765','5');
insert into Upload_Rating values ('st220','12345','3');
insert into Upload_Rating values ('xy136','44553','2');
insert into Upload_Rating values ('xy136','98988','1');
insert into Upload_Rating values ('zz442','98765','4');
insert into Upload_Rating values ('zz442','19991','3');


insert into Uploader values ('aa101','00128','CS-101');
insert into Uploader values ('aa121','12345','CS-317');
insert into Uploader values ('aa255','00128','EE-101');
insert into Uploader values ('ab115','44553','EE-225');
insert into Uploader values ('bf556','44553','ME-101');
insert into Uploader values ('bt559','00128','ME-207');
insert into Uploader values ('de102','19991','ME-207');
insert into Uploader values ('de159','45678','CH-101');
insert into Uploader values ('dy123','54321','CS-101');
insert into Uploader values ('gr555','55739','CS-317');
insert into Uploader values ('gt131','12345','CS-213');
insert into Uploader values ('sr777','70557','CS-213');
insert into Uploader values ('st220','23121','CH-357');
insert into Uploader values ('xy136','23121','FI-201');
insert into Uploader values ('zz442','98765','FI-307');



insert into Upload values ('aa101','ppt','lectures','10102011','23','www.cse.iitb.ac.in/~shikhar');
insert into Upload values ('aa121','doc','notes','20112009','45','www.cse.iitb.ac.in/~lucky');
insert into Upload values ('aa255','pdf','ebook','01122008','59','www.cse.iitb.ac.in/~ashishtajane');
insert into Upload values ('ab115','pdf','research-paper','06052010','9','www.cse.iitb.ac.in/~shikhar');
insert into Upload values ('bf556','doc','notes','12062009','75','www.cse.iitb.ac.in/~shikhar');
insert into Upload values ('bt559','jpg','exam-paper','15122007','83','www.cse.iitb.ac.in/~saurabhb');
insert into Upload values ('de102','jpg','assignment','20072009','76','www.cse.iitb.ac.in/~lucky');
insert into Upload values ('de159','doc','other','22122009','44','www.cse.iitb.ac.in/~saurabhb');
insert into Upload values ('dy123','doc','assignment','16052010','60','www.cse.iitb.ac.in/~shikhar');
insert into Upload values ('gr555','pdf','ebook','30042011','33','www.cse.iitb.ac.in/~ashishtajane');
insert into Upload values ('gt131','jpg','other','26032008','72','www.cse.iitb.ac.in/~lucky');
insert into Upload values ('sr777','pdf','exam-paper','69','20102010','www.cse.iitb.ac.in/~ashishtajane');
insert into Upload values ('st220','ppt','other','30092010','84','www.cse.iitb.ac.in/~ashishtajane');
insert into Upload values ('xy136','pdf','assignment','19112011','103','www.cse.iitb.ac.in/~saurabhb');
insert into Upload values ('zz442','doc','exam-paper','12122008','157','www.cse.iitb.ac.in/~lucky');


insert into News values ('aa001','00128','Today,the lecture was interesting','CS-101,Bhaskar','01092010');
insert into News values ('aa002','12345','Shikhar was caught sleeping','EE-101,Shikhar','02112008');
insert into News values ('aa003','19991','You are stud','Ashish,Gaurav,Saurabh','03122009');
insert into News values ('aa004','23121','This sem is long','Autumn','05052008');
insert into News values ('aa005','44553','Going to be awesome','Mood,Indigo','12032011');
insert into News values ('aa006','44553','She is beautiful','Sonia,Tina','15062008');
insert into News values ('aa007','54321','Course is great','Sudarshan,database','19022009');
insert into News values ('aa008','76653','Is reading blog..','Ashish','23042010');
insert into News values ('aa009','98765','Ghar pe shaadi hai','Saurabh','25012011');
insert into News values ('aa010','98988','Machana hai','Gaurav','30112009');




